step,train_loss,val_loss,val_acc
500,1.1873564720153809,1.015379548072815,0.5184294871794872
1000,0.9309230446815491,0.8511475920677185,0.6161858974358975
1500,0.8279558420181274,0.7532073855400085,0.6794871794871795
2000,0.7677425742149353,0.7131496071815491,0.6875
2500,0.734155535697937,0.6751804351806641,0.7315705128205128
3000,0.6893454790115356,0.6585749983787537,0.7355769230769231
